"","experiment.label","treatment","facs_sort","fos_status","ActivityStatus","CellID","ArcStatus","FosStatus","Activity_class"
"1","Jeager","HC","Fos-","Fos-","Inactive","X151207_G3_N_C_N_HC_3",NA,NA,"Inactive"
"2","Jeager","1hr","Fos+","Fos+","Active","X151214_A11_P_C_F_EE_3",NA,NA,"EarlySignature"
"3","Jeager","1hr","Fos-","Fos-","Inactive","X151214_A2_P_C_N_EE_3",NA,NA,"Inactive"
"4","Jeager","1hr","Fos-","Fos-","Inactive","X151214_A3_P_C_N_EE_3",NA,NA,"Inactive"
"5","Jeager","1hr","Fos+","Fos+","Active","X151214_A9_P_C_F_EE_3",NA,NA,"EarlySignature"
"6","Jeager","1hr","Fos+","Fos+","Active","X151214_B10_P_C_F_EE_3",NA,NA,"EarlySignature"
"7","Jeager","1hr","Fos+","Fos+","Active","X151214_B11_P_C_F_EE_3",NA,NA,"EarlySignature"
"8","Jeager","1hr","Fos+","Fos+","Active","X151214_B12_P_C_F_EE_3",NA,NA,"EarlySignature"
"9","Jeager","1hr","Fos-","Fos-","Inactive","X151214_B2_P_C_N_EE_3",NA,NA,"Inactive"
"10","Jeager","1hr","Fos-","Fos-","Inactive","X151214_B3_P_C_N_EE_3",NA,NA,"Inactive"
"11","Jeager","1hr","Fos-","Fos-","Inactive","X151214_B4_P_C_N_EE_3",NA,NA,"Inactive"
"12","Jeager","1hr","Fos+","Fos+","Active","X151214_B9_P_C_F_EE_3",NA,NA,"EarlySignature"
"13","Jeager","1hr","Fos-","Fos-","Inactive","X151214_C1_P_C_N_EE_3",NA,NA,"Inactive"
"14","Jeager","1hr","Fos+","Fos+","Active","X151214_C10_P_C_F_EE_3",NA,NA,"EarlySignature"
"15","Jeager","1hr","Fos+","Fos+","Active","X151214_C11_P_C_F_EE_3",NA,NA,"EarlySignature"
"16","Jeager","1hr","Fos+","Fos+","Active","X151214_C12_P_C_F_EE_3",NA,NA,"EarlySignature"
"17","Jeager","1hr","Fos-","Fos-","Inactive","X151214_C2_P_C_N_EE_3",NA,NA,"Inactive"
"18","Jeager","1hr","Fos-","Fos-","Inactive","X151214_C3_P_C_N_EE_3",NA,NA,"Inactive"
"19","Jeager","1hr","Fos-","Fos-","Inactive","X151214_C4_P_C_N_EE_3",NA,NA,"Inactive"
"20","Jeager","1hr","Fos+","Fos+","Active","X151214_C9_P_C_F_EE_3",NA,NA,"EarlySignature"
"21","Jeager","1hr","Fos-","Fos-","Inactive","X151214_D1_P_C_N_EE_3",NA,NA,"Inactive"
"22","Jeager","1hr","Fos+","Fos+","Active","X151214_D10_P_C_F_EE_3",NA,NA,"EarlySignature"
"23","Jeager","1hr","Fos+","Fos+","Active","X151214_D11_P_C_F_EE_3",NA,NA,"EarlySignature"
"24","Jeager","1hr","Fos+","Fos+","Active","X151214_D12_P_C_F_EE_3",NA,NA,"EarlySignature"
"25","Jeager","1hr","Fos-","Fos-","Inactive","X151214_D2_P_C_N_EE_3",NA,NA,"Inactive"
"26","Jeager","1hr","Fos-","Fos-","Inactive","X151214_D3_P_C_N_EE_3",NA,NA,"Inactive"
"27","Jeager","1hr","Fos-","Fos-","Inactive","X151214_D4_P_C_N_EE_3",NA,NA,"Inactive"
"28","Jeager","1hr","Fos+","Fos+","Active","X151214_D9_P_C_F_EE_3",NA,NA,"EarlySignature"
"29","Jeager","1hr","Fos-","Fos-","Inactive","X151214_E1_P_C_N_EE_3",NA,NA,"Inactive"
"30","Jeager","1hr","Fos+","Fos+","Active","X151214_E11_P_C_F_EE_3",NA,NA,"EarlySignature"
"31","Jeager","1hr","Fos+","Fos+","Active","X151214_E12_P_C_F_EE_3",NA,NA,"EarlySignature"
"32","Jeager","1hr","Fos-","Fos-","Inactive","X151214_E2_P_C_N_EE_3",NA,NA,"Inactive"
"33","Jeager","1hr","Fos-","Fos-","Inactive","X151214_E3_P_C_N_EE_3",NA,NA,"Inactive"
"34","Jeager","1hr","Fos-","Fos-","Inactive","X151214_E4_P_C_N_EE_3",NA,NA,"Inactive"
"35","Jeager","1hr","Fos+","Fos+","Active","X151214_E9_P_C_F_EE_3",NA,NA,"EarlySignature"
"36","Jeager","1hr","Fos-","Fos-","Inactive","X151214_F1_P_C_N_EE_3",NA,NA,"Inactive"
"37","Jeager","1hr","Fos+","Fos+","Active","X151214_F11_P_C_F_EE_3",NA,NA,"EarlySignature"
"38","Jeager","1hr","Fos+","Fos+","Active","X151214_F12_P_C_F_EE_3",NA,NA,"EarlySignature"
"39","Jeager","1hr","Fos-","Fos-","Inactive","X151214_F2_P_C_N_EE_3",NA,NA,"Inactive"
"40","Jeager","1hr","Fos-","Fos-","Inactive","X151214_F3_P_C_N_EE_3",NA,NA,"Inactive"
"41","Jeager","1hr","Fos-","Fos-","Inactive","X151214_F4_P_C_N_EE_3",NA,NA,"Inactive"
"42","Jeager","1hr","Fos-","Fos-","Inactive","X151214_G1_P_C_N_EE_3",NA,NA,"Inactive"
"43","Jeager","1hr","Fos+","Fos+","Active","X151214_G10_P_C_F_EE_3",NA,NA,"EarlySignature"
"44","Jeager","1hr","Fos+","Fos+","Active","X151214_G11_P_C_F_EE_3",NA,NA,"EarlySignature"
"45","Jeager","1hr","Fos+","Fos+","Active","X151214_G12_P_C_F_EE_3",NA,NA,"EarlySignature"
"46","Jeager","1hr","Fos-","Fos-","Inactive","X151214_G2_P_C_N_EE_3",NA,NA,"Inactive"
"47","Jeager","1hr","Fos-","Fos-","Inactive","X151214_G3_P_C_N_EE_3",NA,NA,"Inactive"
"48","Jeager","1hr","Fos-","Fos-","Inactive","X151214_G4_P_C_N_EE_3",NA,NA,"Inactive"
"49","Jeager","1hr","Fos+","Fos+","Active","X151214_G9_P_C_F_EE_3",NA,NA,"EarlySignature"
"50","Jeager","1hr","Fos-","Fos-","Inactive","X151214_H1_P_C_N_EE_3",NA,NA,"Inactive"
"51","Jeager","1hr","Fos+","Fos+","Active","X151214_H10_P_C_F_EE_3",NA,NA,"EarlySignature"
"52","Jeager","1hr","Fos+","Fos+","Active","X151214_H11_P_C_F_EE_3",NA,NA,"EarlySignature"
"53","Jeager","1hr","Fos+","Fos+","Active","X151214_H12_P_C_F_EE_3",NA,NA,"EarlySignature"
"54","Jeager","1hr","Fos-","Fos-","Inactive","X151214_H2_P_C_N_EE_3",NA,NA,"Inactive"
"55","Jeager","1hr","Fos-","Fos-","Inactive","X151214_H3_P_C_N_EE_3",NA,NA,"Inactive"
"56","Jeager","1hr","Fos-","Fos-","Inactive","X151214_H4_P_C_N_EE_3",NA,NA,"Inactive"
"57","Jeager","1hr","Fos+","Fos+","Active","X151214_H9_P_C_F_EE_3",NA,NA,"EarlySignature"
"58","Jeager","A>A","Fos+","Fos+","Active","X021618_45","pos","neg","LateSignature"
"59","Jeager","HC","Fos-","Fos-","Inactive","X160107_08",NA,NA,"Inactive"
"60","Jeager","HC","Fos-","Fos-","Inactive","X160118_13",NA,NA,"Inactive"
"61","Jeager","HC","Fos-","Fos-","Inactive","X160324_01",NA,NA,"Inactive"
"62","Jeager","HC","Fos-","Fos-","Inactive","X160324_02",NA,NA,"Inactive"
"63","Jeager","HC","Fos-","Fos-","Inactive","X160324_03",NA,NA,"Inactive"
"64","Jeager","HC","Fos-","Fos-","Inactive","X160324_04",NA,NA,"Inactive"
"65","Jeager","HC","Fos-","Fos-","Inactive","X160324_08",NA,NA,"Inactive"
"66","Jeager","HC","Fos-","Fos-","Inactive","X160324_09",NA,NA,"Inactive"
"67","Jeager","HC","Fos-","Fos-","Inactive","X160324_10",NA,NA,"Inactive"
"68","Jeager","HC","Fos-","Fos-","Inactive","X160324_11",NA,NA,"Inactive"
"69","Jeager","HC","Fos-","Fos-","Inactive","X160324_15",NA,NA,"Inactive"
"70","Jeager","HC","Fos-","Fos-","Inactive","X160324_16",NA,NA,"Inactive"
"71","Jeager","HC","Fos-","Fos-","Inactive","X160324_17",NA,NA,"Inactive"
"72","Jeager","HC","Fos-","Fos-","Inactive","X160324_18",NA,NA,"Inactive"
"73","Jeager","HC","Fos-","Fos-","Inactive","X160324_21",NA,NA,"Inactive"
"74","Jeager","HC","Fos-","Fos-","Inactive","X160324_22",NA,NA,"Inactive"
"75","Jeager","HC","Fos-","Fos-","Inactive","X160324_23",NA,NA,"Inactive"
"76","Jeager","HC","Fos-","Fos-","Inactive","X160324_24",NA,NA,"Inactive"
"77","Jeager","HC","Fos-","Fos-","Inactive","X160324_29",NA,NA,"Inactive"
"78","Jeager","HC","Fos-","Fos-","Inactive","X160324_30",NA,NA,"Inactive"
"79","Jeager","HC","Fos-","Fos-","Inactive","X160324_31",NA,NA,"Inactive"
"80","Jeager","HC","Fos-","Fos-","Inactive","X160324_36",NA,NA,"Inactive"
"81","Jeager","HC","Fos-","Fos-","Inactive","X160324_37",NA,NA,"Inactive"
"82","Jeager","HC","Fos-","Fos-","Inactive","X160324_38",NA,NA,"Inactive"
"83","Jeager","HC","Fos-","Fos-","Inactive","X160324_39",NA,NA,"Inactive"
"84","Jeager","HC","Fos-","Fos-","Inactive","X160324_40",NA,NA,"Inactive"
"85","Jeager","5hr","Fos+","Fos+","Active","X160512_01","","","LateSignature"
"86","Jeager","5hr","Fos+","Fos+","Active","X160512_02","","","LateSignature"
"87","Jeager","5hr","Fos+","Fos+","Active","X160512_03","","","LateSignature"
"88","Jeager","5hr","Fos+","Fos+","Active","X160512_04","","","LateSignature"
"89","Jeager","5hr","Fos+","Fos+","Active","X160512_05","","","LateSignature"
"90","Jeager","5hr","Fos+","Fos+","Active","X160512_06","","","LateSignature"
"91","Jeager","5hr","Fos+","Fos+","Active","X160512_07","","","LateSignature"
"92","Jeager","5hr","Fos+","Fos+","Active","X160512_08","","","LateSignature"
"93","Jeager","5hr","Fos+","Fos+","Active","X160512_09","","","LateSignature"
"94","Jeager","5hr","Fos+","Fos+","Active","X160512_10","","","LateSignature"
"95","Jeager","5hr","Fos+","Fos+","Active","X160512_11","","","LateSignature"
"96","Jeager","5hr","Fos+","Fos+","Active","X160512_12","","","LateSignature"
"97","Jeager","5hr","Fos+","Fos+","Active","X160512_13","","","LateSignature"
"98","Jeager","5hr","Fos+","Fos+","Active","X160512_14","","","LateSignature"
"99","Jeager","5hr","Fos+","Fos+","Active","X160512_15","","","LateSignature"
"100","Jeager","5hr","Fos+","Fos+","Active","X160512_16","","","LateSignature"
"101","Jeager","5hr","Fos+","Fos+","Active","X160512_17","","","LateSignature"
"102","Jeager","5hr","Fos+","Fos+","Active","X160512_18","","","LateSignature"
"103","Jeager","5hr","Fos+","Fos+","Active","X160512_19","","","LateSignature"
"104","Jeager","5hr","Fos+","Fos+","Active","X160512_20","","","LateSignature"
"105","Jeager","5hr","Fos+","Fos+","Active","X160512_21","","","LateSignature"
"106","Jeager","5hr","Fos+","Fos+","Active","X160512_22","","","LateSignature"
"107","Jeager","5hr","Fos+","Fos+","Active","X160512_23","","","LateSignature"
"108","Jeager","5hr","Fos+","Fos+","Active","X160512_24","","","LateSignature"
"109","Jeager","5hr","Fos+","Fos+","Active","X160512_25","","","LateSignature"
"110","Jeager","5hr","Fos+","Fos+","Active","X160512_26","","","LateSignature"
"111","Jeager","5hr","Fos+","Fos+","Active","X160512_27","","","LateSignature"
"112","Jeager","5hr","Fos+","Fos+","Active","X160512_28","","","LateSignature"
"113","Jeager","5hr","Fos+","Fos+","Active","X160512_29","","","LateSignature"
"114","Jeager","5hr","Fos+","Fos+","Active","X160512_30","","","LateSignature"
"115","Jeager","5hr","Fos+","Fos+","Active","X160512_31","","","LateSignature"
"116","Jeager","5hr","Fos+","Fos+","Active","X160512_32","","","LateSignature"
"117","Jeager","5hr","Fos+","Fos+","Active","X160512_33","","","LateSignature"
"118","Jeager","5hr","Fos+","Fos+","Active","X160512_34","","","LateSignature"
"119","Jeager","5hr","Fos+","Fos+","Active","X160512_35","","","LateSignature"
"120","Jeager","5hr","Fos+","Fos+","Active","X160512_36","","","LateSignature"
"121","Jeager","5hr","Fos+","Fos+","Active","X160512_37","","","LateSignature"
"122","Jeager","5hr","Fos+","Fos+","Active","X160512_38","","","LateSignature"
"123","Jeager","5hr","Fos+","Fos+","Active","X160512_39","","","LateSignature"
"124","Jeager","5hr","Fos+","Fos+","Active","X160512_40","","","LateSignature"
"125","Jeager","5hr","Fos+","Fos+","Active","X160512_41","","","LateSignature"
"126","Jeager","5hr","Fos+","Fos+","Active","X160512_42","","","LateSignature"
"127","Jeager","5hr","Fos+","Fos+","Active","X160512_43","","","LateSignature"
"128","Jeager","5hr","Fos+","Fos+","Active","X160512_44","","","LateSignature"
"129","Jeager","5hr","Fos+","Fos+","Active","X160512_45","","","LateSignature"
"130","Jeager","5hr","Fos+","Fos+","Active","X160512_46","","","LateSignature"
"131","Jeager","5hr","Fos+","Fos+","Active","X160512_47","","","LateSignature"
"132","Jeager","5hr","Fos+","Fos+","Active","X160512_48","","","LateSignature"
"133","Jeager","A>C","Fos+","Fos+","Active","X160602_01","","","LateSignature"
"134","Jeager","A>C","Fos+","Fos+","Active","X160602_02","","","LateSignature"
"135","Jeager","A>C","Fos+","Fos+","Active","X160602_03","","","LateSignature"
"136","Jeager","A>C","Fos+","Fos+","Active","X160602_04","","","LateSignature"
"137","Jeager","A>C","Fos+","Fos+","Active","X160602_05","","","LateSignature"
"138","Jeager","A>C","Fos+","Fos+","Active","X160602_06","","","LateSignature"
"139","Jeager","A>C","Fos+","Fos+","Active","X160602_07","","","LateSignature"
"140","Jeager","A>C","Fos+","Fos+","Active","X160602_08","","","LateSignature"
"141","Jeager","A>C","Fos+","Fos+","Active","X160602_09","","","LateSignature"
"142","Jeager","A>C","Fos+","Fos+","Active","X160602_10","","","LateSignature"
"143","Jeager","A>C","Fos+","Fos+","Active","X160602_11","","","LateSignature"
"144","Jeager","A>C","Fos+","Fos+","Active","X160602_12","","","LateSignature"
"145","Jeager","A>C","Fos+","Fos+","Active","X160602_13","","","LateSignature"
"146","Jeager","A>C","Fos+","Fos+","Active","X160602_14","","","LateSignature"
"147","Jeager","A>C","Fos+","Fos+","Active","X160602_15","","","LateSignature"
"148","Jeager","A>C","Fos+","Fos+","Active","X160602_16","","","LateSignature"
"149","Jeager","A>C","Fos+","Fos+","Active","X160602_17","","","LateSignature"
"150","Jeager","A>C","Fos+","Fos+","Active","X160602_18","","","LateSignature"
"151","Jeager","A>C","Fos+","Fos+","Active","X160602_19","","","LateSignature"
"152","Jeager","A>C","Fos+","Fos+","Active","X160602_20","","","LateSignature"
"153","Jeager","A>C","Fos+","Fos+","Active","X160602_21","","","LateSignature"
"154","Jeager","A>C","Fos+","Fos+","Active","X160602_22","","","LateSignature"
"155","Jeager","A>C","Fos+","Fos+","Active","X160602_23","","","LateSignature"
"156","Jeager","A>C","Fos+","Fos+","Active","X160602_24","","","LateSignature"
"157","Jeager","A>C","Fos+","Fos+","Active","X160602_25","","","LateSignature"
"158","Jeager","A>C","Fos+","Fos+","Active","X160602_26","","","LateSignature"
"159","Jeager","A>C","Fos+","Fos+","Active","X160602_27","","","LateSignature"
"160","Jeager","A>C","Fos+","Fos+","Active","X160602_28","","","LateSignature"
"161","Jeager","A>C","Fos+","Fos+","Active","X160602_29","","","LateSignature"
"162","Jeager","A>C","Fos+","Fos+","Active","X160602_30","","","LateSignature"
"163","Jeager","A>C","Fos+","Fos+","Active","X160602_31","","","LateSignature"
"164","Jeager","A>C","Fos+","Fos+","Active","X160602_32","","","LateSignature"
"165","Jeager","A>C","Fos+","Fos+","Active","X160602_33","","","LateSignature"
"166","Jeager","A>C","Fos+","Fos+","Active","X160602_34","","","LateSignature"
"167","Jeager","A>C","Fos+","Fos+","Active","X160602_35","","","LateSignature"
"168","Jeager","A>C","Fos+","Fos+","Active","X160602_36","","","LateSignature"
"169","Jeager","A>C","Fos+","Fos+","Active","X160602_37","","","LateSignature"
"170","Jeager","A>C","Fos+","Fos+","Active","X160602_38","","","LateSignature"
"171","Jeager","A>C","Fos+","Fos+","Active","X160602_39","","","LateSignature"
"172","Jeager","A>C","Fos+","Fos+","Active","X160602_40","","","LateSignature"
"173","Jeager","A>C","Fos+","Fos+","Active","X160602_41","","","LateSignature"
"174","Jeager","A>C","Fos+","Fos+","Active","X160602_42","","","LateSignature"
"175","Jeager","A>C","Fos+","Fos+","Active","X160602_43","","","LateSignature"
"176","Jeager","A>C","Fos+","Fos+","Active","X160602_44","","","LateSignature"
"177","Jeager","A>C","Fos+","Fos+","Active","X160602_45","","","LateSignature"
"178","Jeager","A>C","Fos+","Fos+","Active","X160602_46","","","LateSignature"
"179","Jeager","A>C","Fos+","Fos+","Active","X160602_47","","","LateSignature"
"180","Jeager","A>C","Fos+","Fos+","Active","X160602_48","","","LateSignature"
"181","Jeager","A>C","Fos+","Fos+","Active","X160619_01","","","LateSignature"
"182","Jeager","A>C","Fos+","Fos+","Active","X160619_02","","","LateSignature"
"183","Jeager","A>C","Fos+","Fos+","Active","X160619_03","","","LateSignature"
"184","Jeager","A>C","Fos+","Fos+","Active","X160619_04","","","LateSignature"
"185","Jeager","A>C","Fos+","Fos+","Active","X160619_05","","","LateSignature"
"186","Jeager","A>C","Fos+","Fos+","Active","X160619_06","","","LateSignature"
"187","Jeager","A>C","Fos+","Fos+","Active","X160619_07","","","LateSignature"
"188","Jeager","A>C","Fos+","Fos+","Active","X160619_08","","","LateSignature"
"189","Jeager","A>C","Fos+","Fos+","Active","X160619_09","","","LateSignature"
"190","Jeager","A>C","Fos+","Fos+","Active","X160619_10","","","LateSignature"
"191","Jeager","A>C","Fos+","Fos+","Active","X160619_11","","","LateSignature"
"192","Jeager","A>C","Fos+","Fos+","Active","X160619_12","","","LateSignature"
"193","Jeager","A>C","Fos+","Fos+","Active","X160619_13","","","LateSignature"
"194","Jeager","A>C","Fos+","Fos+","Active","X160619_14","","","LateSignature"
"195","Jeager","A>C","Fos+","Fos+","Active","X160619_15","","","LateSignature"
"196","Jeager","A>C","Fos+","Fos+","Active","X160619_16","","","LateSignature"
"197","Jeager","A>C","Fos+","Fos+","Active","X160619_17","","","LateSignature"
"198","Jeager","A>C","Fos+","Fos+","Active","X160619_18","","","LateSignature"
"199","Jeager","A>C","Fos+","Fos+","Active","X160619_19","","","LateSignature"
"200","Jeager","A>C","Fos+","Fos+","Active","X160619_20","","","LateSignature"
"201","Jeager","A>C","Fos+","Fos+","Active","X160619_21","","","LateSignature"
"202","Jeager","A>C","Fos+","Fos+","Active","X160619_22","","","LateSignature"
"203","Jeager","A>C","Fos+","Fos+","Active","X160619_23","","","LateSignature"
"204","Jeager","A>C","Fos+","Fos+","Active","X160619_24","","","LateSignature"
"205","Jeager","A>C","Fos+","Fos+","Active","X160619_25","","","LateSignature"
"206","Jeager","A>C","Fos+","Fos+","Active","X160619_26","","","LateSignature"
"207","Jeager","A>C","Fos+","Fos+","Active","X160619_27","","","LateSignature"
"208","Jeager","A>C","Fos+","Fos+","Active","X160619_28","","","LateSignature"
"209","Jeager","A>C","Fos+","Fos+","Active","X160619_29","","","LateSignature"
"210","Jeager","A>C","Fos+","Fos+","Active","X160619_30","","","LateSignature"
"211","Jeager","A>C","Fos+","Fos+","Active","X160619_31","","","LateSignature"
"212","Jeager","A>C","Fos+","Fos+","Active","X160619_32","","","LateSignature"
"213","Jeager","A>C","Fos+","Fos+","Active","X160619_33","","","LateSignature"
"214","Jeager","A>C","Fos+","Fos+","Active","X160619_34","","","LateSignature"
"215","Jeager","A>C","Fos+","Fos+","Active","X160619_35","","","LateSignature"
"216","Jeager","A>C","Fos+","Fos+","Active","X160619_36","","","LateSignature"
"217","Jeager","A>C","Fos+","Fos+","Active","X160619_37","","","LateSignature"
"218","Jeager","A>C","Fos+","Fos+","Active","X160619_38","","","LateSignature"
"219","Jeager","A>C","Fos+","Fos+","Active","X160619_39","","","LateSignature"
"220","Jeager","A>C","Fos+","Fos+","Active","X160619_40","","","LateSignature"
"221","Jeager","A>C","Fos+","Fos+","Active","X160619_41","","","LateSignature"
"222","Jeager","A>C","Fos+","Fos+","Active","X160619_42","","","LateSignature"
"223","Jeager","A>C","Fos+","Fos+","Active","X160619_43","","","LateSignature"
"224","Jeager","A>C","Fos+","Fos+","Active","X160619_44","","","LateSignature"
"225","Jeager","A>C","Fos+","Fos+","Active","X160619_45","","","LateSignature"
"226","Jeager","A>C","Fos+","Fos+","Active","X160619_46","","","LateSignature"
"227","Jeager","A>C","Fos+","Fos+","Active","X160619_47","","","LateSignature"
"228","Jeager","A>C","Fos+","Fos+","Active","X160619_48","","","LateSignature"
"229","Jeager","A>A","Fos+","Fos+","Active","X160622_01","","","fillme"
"230","Jeager","A>A","Fos+","Fos+","Active","X160622_02","","","fillme"
"231","Jeager","A>A","Fos+","Fos+","Active","X160622_03","","","fillme"
"232","Jeager","A>A","Fos+","Fos+","Active","X160622_04","","","fillme"
"233","Jeager","A>A","Fos+","Fos+","Active","X160622_05","","","fillme"
"234","Jeager","A>A","Fos+","Fos+","Active","X160622_06","","","fillme"
"235","Jeager","A>A","Fos+","Fos+","Active","X160622_07","","","fillme"
"236","Jeager","A>A","Fos+","Fos+","Active","X160622_08","","","fillme"
"237","Jeager","A>A","Fos+","Fos+","Active","X160622_09","","","fillme"
"238","Jeager","A>A","Fos+","Fos+","Active","X160622_10","","","fillme"
"239","Jeager","A>A","Fos+","Fos+","Active","X160622_11","","","fillme"
"240","Jeager","A>A","Fos+","Fos+","Active","X160622_12","","","fillme"
"241","Jeager","A>A","Fos+","Fos+","Active","X160622_13","","","fillme"
"242","Jeager","A>A","Fos+","Fos+","Active","X160622_14","","","fillme"
"243","Jeager","A>A","Fos+","Fos+","Active","X160622_15","","","fillme"
"244","Jeager","A>A","Fos+","Fos+","Active","X160622_16","","","fillme"
"245","Jeager","A>A","Fos+","Fos+","Active","X160622_17","","","fillme"
"246","Jeager","A>A","Fos+","Fos+","Active","X160622_18","","","fillme"
"247","Jeager","A>A","Fos+","Fos+","Active","X160622_19","","","fillme"
"248","Jeager","A>A","Fos+","Fos+","Active","X160622_20","","","fillme"
"249","Jeager","A>A","Fos+","Fos+","Active","X160622_21","","","fillme"
"250","Jeager","A>A","Fos+","Fos+","Active","X160622_22","","","fillme"
"251","Jeager","A>A","Fos+","Fos+","Active","X160622_23","","","fillme"
"252","Jeager","A>A","Fos+","Fos+","Active","X160622_24","","","fillme"
"253","Jeager","A>A","Fos+","Fos+","Active","X160622_25","","","fillme"
"254","Jeager","A>A","Fos+","Fos+","Active","X160622_26","","","fillme"
"255","Jeager","A>A","Fos+","Fos+","Active","X160622_27","","","fillme"
"256","Jeager","A>A","Fos+","Fos+","Active","X160622_28","","","fillme"
"257","Jeager","A>A","Fos+","Fos+","Active","X160622_29","","","fillme"
"258","Jeager","A>A","Fos+","Fos+","Active","X160622_30","","","fillme"
"259","Jeager","A>A","Fos+","Fos+","Active","X160622_31","","","fillme"
"260","Jeager","A>A","Fos+","Fos+","Active","X160622_32","","","fillme"
"261","Jeager","A>A","Fos+","Fos+","Active","X160622_33","","","fillme"
"262","Jeager","A>A","Fos+","Fos+","Active","X160622_34","","","fillme"
"263","Jeager","A>A","Fos+","Fos+","Active","X160622_35","","","fillme"
"264","Jeager","A>A","Fos+","Fos+","Active","X160622_36","","","fillme"
"265","Jeager","A>A","Fos+","Fos+","Active","X160622_37","","","fillme"
"266","Jeager","A>A","Fos+","Fos+","Active","X160622_38","","","fillme"
"267","Jeager","A>A","Fos+","Fos+","Active","X160622_39","","","fillme"
"268","Jeager","A>A","Fos+","Fos+","Active","X160622_40","","","fillme"
"269","Jeager","A>A","Fos+","Fos+","Active","X160622_41","","","fillme"
"270","Jeager","A>A","Fos+","Fos+","Active","X160622_42","","","fillme"
"271","Jeager","A>A","Fos+","Fos+","Active","X160622_43","","","fillme"
"272","Jeager","A>A","Fos+","Fos+","Active","X160622_44","","","fillme"
"273","Jeager","A>A","Fos+","Fos+","Active","X160622_45","","","fillme"
"274","Jeager","A>A","Fos+","Fos+","Active","X160622_46","","","fillme"
"275","Jeager","A>A","Fos+","Fos+","Active","X160622_47","","","fillme"
"276","Jeager","A>A","Fos+","Fos+","Active","X160622_48","","","fillme"
"277","Jeager","4hr","Fos+","Fos+","Active","X161121_01","pos","N/A","LateSignature"
"278","Jeager","4hr","Fos+","Fos+","Active","X161121_02","pos","N/A","LateSignature"
"279","Jeager","4hr","Fos+","Fos+","Active","X161121_03","pos","N/A","LateSignature"
"280","Jeager","4hr","Fos+","Fos+","Active","X161121_04","pos","N/A","LateSignature"
"281","Jeager","4hr","Fos+","Fos+","Active","X161121_05","pos","N/A","LateSignature"
"282","Jeager","4hr","Fos+","Fos+","Active","X161121_06","pos","N/A","LateSignature"
"283","Jeager","4hr","Fos+","Fos+","Active","X161121_07","pos","N/A","LateSignature"
"284","Jeager","4hr","Fos+","Fos+","Active","X161121_08","pos","N/A","LateSignature"
"285","Jeager","4hr","Fos+","Fos+","Active","X161121_09","pos","N/A","LateSignature"
"286","Jeager","4hr","Fos+","Fos+","Active","X161121_10","pos","N/A","LateSignature"
"287","Jeager","4hr","Fos+","Fos+","Active","X161121_11","pos","N/A","LateSignature"
"288","Jeager","4hr","Fos+","Fos+","Active","X161121_12","pos","N/A","LateSignature"
"289","Jeager","4hr","Fos+","Fos+","Active","X161121_13","pos","N/A","LateSignature"
"290","Jeager","4hr","Fos+","Fos+","Active","X161121_14","pos","N/A","LateSignature"
"291","Jeager","4hr","Fos+","Fos+","Active","X161121_15","pos","N/A","LateSignature"
"292","Jeager","4hr","Fos+","Fos+","Active","X161121_16","pos","N/A","LateSignature"
"293","Jeager","4hr","Fos+","Fos+","Active","X161121_17","pos","N/A","LateSignature"
"294","Jeager","4hr","Fos+","Fos+","Active","X161121_18","pos","N/A","LateSignature"
"295","Jeager","4hr","Fos+","Fos+","Active","X161121_19","pos","N/A","LateSignature"
"296","Jeager","4hr","Fos+","Fos+","Active","X161121_20","pos","N/A","LateSignature"
"297","Jeager","4hr","Fos+","Fos+","Active","X161121_21","pos","N/A","LateSignature"
"298","Jeager","4hr","Fos+","Fos+","Active","X161121_22","pos","N/A","LateSignature"
"299","Jeager","4hr","Fos+","Fos+","Active","X161121_23","pos","N/A","LateSignature"
"300","Jeager","4hr","Fos+","Fos+","Active","X161121_24","pos","N/A","LateSignature"
"301","Jeager","4hr","Fos+","Fos+","Active","X161121_25","pos","N/A","LateSignature"
"302","Jeager","4hr","Fos+","Fos+","Active","X161121_26","pos","N/A","LateSignature"
"303","Jeager","4hr","Fos+","Fos+","Active","X161121_27","pos","N/A","LateSignature"
"304","Jeager","4hr","Fos+","Fos+","Active","X161121_28","pos","N/A","LateSignature"
"305","Jeager","4hr","Fos+","Fos+","Active","X161121_29","pos","N/A","LateSignature"
"306","Jeager","4hr","Fos+","Fos+","Active","X161121_30","pos","N/A","LateSignature"
"307","Jeager","4hr","Fos+","Fos+","Active","X161121_31","pos","N/A","LateSignature"
"308","Jeager","4hr","Fos+","Fos+","Active","X161121_32","pos","N/A","LateSignature"
"309","Jeager","4hr","Fos+","Fos+","Active","X161121_33","pos","N/A","LateSignature"
"310","Jeager","4hr","Fos+","Fos+","Active","X161121_34","pos","N/A","LateSignature"
"311","Jeager","4hr","Fos+","Fos+","Active","X161121_35","pos","N/A","LateSignature"
"312","Jeager","4hr","Fos+","Fos+","Active","X161121_36","pos","N/A","LateSignature"
"313","Jeager","4hr","Fos+","Fos+","Active","X161121_37","pos","N/A","LateSignature"
"314","Jeager","4hr","Fos+","Fos+","Active","X161121_38","pos","N/A","LateSignature"
"315","Jeager","4hr","Fos+","Fos+","Active","X161121_39","pos","N/A","LateSignature"
"316","Jeager","4hr","Fos+","Fos+","Active","X161121_40","pos","N/A","LateSignature"
"317","Jeager","4hr","Fos+","Fos+","Active","X161121_41","pos","N/A","LateSignature"
"318","Jeager","4hr","Fos+","Fos+","Active","X161121_42","pos","N/A","LateSignature"
"319","Jeager","4hr","Fos+","Fos+","Active","X161121_43","pos","N/A","LateSignature"
"320","Jeager","4hr","Fos+","Fos+","Active","X161121_44","pos","N/A","LateSignature"
"321","Jeager","4hr","Fos+","Fos+","Active","X161121_45","pos","N/A","LateSignature"
"322","Jeager","4hr","Fos+","Fos+","Active","X161121_46","pos","N/A","LateSignature"
"323","Jeager","4hr","Fos+","Fos+","Active","X161121_47","pos","N/A","LateSignature"
"324","Jeager","4hr","Fos+","Fos+","Active","X161121_48","pos","N/A","LateSignature"
"325","Jeager","A>A","Fos+","Fos+","Active","X161209_04","pos","neg","LateSignature"
"326","Jeager","A>A","Fos+","Fos+","Active","X161209_05","pos","neg","LateSignature"
"327","Jeager","A>A","Fos+","Fos+","Active","X161209_06","pos","neg","LateSignature"
"328","Jeager","A>A","Fos+","Fos+","Active","X161209_10","pos","neg","LateSignature"
"329","Jeager","A>A","Fos+","Fos+","Active","X161209_11","pos","neg","LateSignature"
"330","Jeager","A>A","Fos+","Fos+","Active","X161209_12","pos","neg","LateSignature"
"331","Jeager","A>A","Fos+","Fos+","Active","X161209_16","pos","neg","LateSignature"
"332","Jeager","A>A","Fos+","Fos+","Active","X161209_17","pos","neg","LateSignature"
"333","Jeager","A>A","Fos+","Fos+","Active","X161209_18","pos","neg","LateSignature"
"334","Jeager","A>A","Fos+","Fos+","Active","X161209_22","pos","neg","LateSignature"
"335","Jeager","A>A","Fos+","Fos+","Active","X161209_23","pos","neg","LateSignature"
"336","Jeager","A>A","Fos+","Fos+","Active","X161209_24","pos","neg","LateSignature"
"337","Jeager","A>A","Fos+","Fos+","Active","X161209_28","pos","neg","LateSignature"
"338","Jeager","A>A","Fos+","Fos+","Active","X161209_29","pos","neg","LateSignature"
"339","Jeager","A>A","Fos+","Fos+","Active","X161209_30","pos","neg","LateSignature"
"340","Jeager","A>A","Fos+","Fos+","Active","X161209_34","pos","neg","LateSignature"
"341","Jeager","A>A","Fos+","Fos+","Active","X161209_35","pos","neg","LateSignature"
"342","Jeager","A>A","Fos+","Fos+","Active","X161209_36","pos","neg","LateSignature"
"343","Jeager","A>A","Fos+","Fos+","Active","X161209_40","pos","neg","LateSignature"
"344","Jeager","A>A","Fos+","Fos+","Active","X161209_41","pos","neg","LateSignature"
"345","Jeager","A>A","Fos+","Fos+","Active","X161209_42","pos","neg","LateSignature"
"346","Jeager","A>A","Fos+","Fos+","Active","X161209_46","pos","neg","LateSignature"
"347","Jeager","A>A","Fos+","Fos+","Active","X161209_47","pos","neg","LateSignature"
"348","Jeager","A>A","Fos+","Fos+","Active","X161209_48","pos","neg","LateSignature"
"349","Jeager","4hr","Fos+","Fos+","Active","X170113_01","pos","N/A","LateSignature"
"350","Jeager","4hr","Fos+","Fos+","Active","X170113_02","pos","N/A","LateSignature"
"351","Jeager","4hr","Fos+","Fos+","Active","X170113_03","pos","N/A","LateSignature"
"352","Jeager","4hr","Fos+","Fos+","Active","X170113_04","pos","N/A","LateSignature"
"353","Jeager","A>A","Fos+","Fos+","Active","X170113_05","pos","neg","LateSignature"
"354","Jeager","A>A","Fos+","Fos+","Active","X170113_06","pos","neg","LateSignature"
"355","Jeager","4hr","Fos+","Fos+","Active","X170113_07","pos","N/A","LateSignature"
"356","Jeager","4hr","Fos+","Fos+","Active","X170113_08","pos","N/A","LateSignature"
"357","Jeager","4hr","Fos+","Fos+","Active","X170113_09","pos","N/A","LateSignature"
"358","Jeager","4hr","Fos+","Fos+","Active","X170113_10","pos","N/A","LateSignature"
"359","Jeager","A>A","Fos+","Fos+","Active","X170113_11","pos","neg","LateSignature"
"360","Jeager","A>A","Fos+","Fos+","Active","X170113_12","pos","neg","LateSignature"
"361","Jeager","4hr","Fos+","Fos+","Active","X170113_13","pos","N/A","LateSignature"
"362","Jeager","4hr","Fos+","Fos+","Active","X170113_14","pos","N/A","LateSignature"
"363","Jeager","4hr","Fos+","Fos+","Active","X170113_15","pos","N/A","LateSignature"
"364","Jeager","A>A","Fos+","Fos+","Active","X170113_16","pos","neg","LateSignature"
"365","Jeager","A>A","Fos+","Fos+","Active","X170113_17","pos","neg","LateSignature"
"366","Jeager","A>A","Fos+","Fos+","Active","X170113_18","pos","neg","LateSignature"
"367","Jeager","4hr","Fos+","Fos+","Active","X170113_19","pos","N/A","LateSignature"
"368","Jeager","4hr","Fos+","Fos+","Active","X170113_20","pos","N/A","LateSignature"
"369","Jeager","4hr","Fos+","Fos+","Active","X170113_21","pos","N/A","LateSignature"
"370","Jeager","A>A","Fos+","Fos+","Active","X170113_22","pos","neg","LateSignature"
"371","Jeager","A>A","Fos+","Fos+","Active","X170113_23","pos","neg","LateSignature"
"372","Jeager","A>A","Fos+","Fos+","Active","X170113_24","pos","neg","LateSignature"
"373","Jeager","4hr","Fos+","Fos+","Active","X170113_25","pos","N/A","LateSignature"
"374","Jeager","4hr","Fos+","Fos+","Active","X170113_26","pos","N/A","LateSignature"
"375","Jeager","4hr","Fos+","Fos+","Active","X170113_27","pos","N/A","LateSignature"
"376","Jeager","A>A","Fos+","Fos+","Active","X170113_28","pos","neg","LateSignature"
"377","Jeager","A>A","Fos+","Fos+","Active","X170113_29","pos","neg","LateSignature"
"378","Jeager","A>A","Fos+","Fos+","Active","X170113_30","pos","neg","LateSignature"
"379","Jeager","4hr","Fos+","Fos+","Active","X170113_31","pos","N/A","LateSignature"
"380","Jeager","4hr","Fos+","Fos+","Active","X170113_32","pos","N/A","LateSignature"
"381","Jeager","4hr","Fos+","Fos+","Active","X170113_33","pos","N/A","LateSignature"
"382","Jeager","A>A","Fos+","Fos+","Active","X170113_34","pos","neg","LateSignature"
"383","Jeager","A>A","Fos+","Fos+","Active","X170113_35","pos","neg","LateSignature"
"384","Jeager","A>A","Fos+","Fos+","Active","X170113_36","pos","neg","LateSignature"
"385","Jeager","4hr","Fos+","Fos+","Active","X170113_37","pos","N/A","LateSignature"
"386","Jeager","4hr","Fos+","Fos+","Active","X170113_38","pos","N/A","LateSignature"
"387","Jeager","4hr","Fos+","Fos+","Active","X170113_39","pos","N/A","LateSignature"
"388","Jeager","A>A","Fos+","Fos+","Active","X170113_40","pos","neg","LateSignature"
"389","Jeager","A>A","Fos+","Fos+","Active","X170113_41","pos","neg","LateSignature"
"390","Jeager","A>A","Fos+","Fos+","Active","X170113_42","pos","neg","LateSignature"
"391","Jeager","4hr","Fos+","Fos+","Active","X170113_43","pos","N/A","LateSignature"
"392","Jeager","4hr","Fos+","Fos+","Active","X170113_44","pos","N/A","LateSignature"
"393","Jeager","4hr","Fos+","Fos+","Active","X170113_45","pos","N/A","LateSignature"
"394","Jeager","A>A","Fos+","Fos+","Active","X170113_46","pos","neg","LateSignature"
"395","Jeager","A>A","Fos+","Fos+","Active","X170113_47","pos","neg","LateSignature"
"396","Jeager","A>A","Fos+","Fos+","Active","X170113_48","pos","neg","LateSignature"
"397","Jeager","5hr","Fos+","Fos+","Active","X170224_01","pos","neg","LateSignature"
"398","Jeager","5hr","Fos+","Fos+","Active","X170224_02","pos","neg","LateSignature"
"399","Jeager","5hr","Fos+","Fos+","Active","X170224_03","pos","neg","LateSignature"
"400","Jeager","5hr","Fos+","Fos+","Active","X170224_04","pos","neg","LateSignature"
"401","Jeager","5hr","Fos+","Fos+","Active","X170224_05","pos","neg","LateSignature"
"402","Jeager","5hr","Fos+","Fos+","Active","X170224_06","pos","neg","LateSignature"
"403","Jeager","5hr","Fos+","Fos+","Active","X170224_07","pos","neg","LateSignature"
"404","Jeager","5hr","Fos+","Fos+","Active","X170224_08","pos","neg","LateSignature"
"405","Jeager","5hr","Fos+","Fos+","Active","X170224_09","pos","neg","LateSignature"
"406","Jeager","5hr","Fos+","Fos+","Active","X170224_10","pos","neg","LateSignature"
"407","Jeager","5hr","Fos+","Fos+","Active","X170224_11","pos","neg","LateSignature"
"408","Jeager","5hr","Fos+","Fos+","Active","X170224_12","pos","neg","LateSignature"
"409","Jeager","5hr","Fos+","Fos+","Active","X170224_13","pos","neg","LateSignature"
"410","Jeager","5hr","Fos+","Fos+","Active","X170224_14","pos","neg","LateSignature"
"411","Jeager","5hr","Fos+","Fos+","Active","X170224_15","pos","neg","LateSignature"
"412","Jeager","5hr","Fos+","Fos+","Active","X170224_16","pos","neg","LateSignature"
"413","Jeager","5hr","Fos+","Fos+","Active","X170224_17","pos","neg","LateSignature"
"414","Jeager","5hr","Fos+","Fos+","Active","X170224_18","pos","neg","LateSignature"
"415","Jeager","5hr","Fos+","Fos+","Active","X170224_19","pos","neg","LateSignature"
"416","Jeager","5hr","Fos+","Fos+","Active","X170224_20","pos","neg","LateSignature"
"417","Jeager","5hr","Fos+","Fos+","Active","X170224_21","pos","neg","LateSignature"
"418","Jeager","5hr","Fos+","Fos+","Active","X170224_22","pos","neg","LateSignature"
"419","Jeager","5hr","Fos+","Fos+","Active","X170224_23","pos","neg","LateSignature"
"420","Jeager","5hr","Fos+","Fos+","Active","X170224_24","pos","neg","LateSignature"
"421","Jeager","5hr","Fos+","Fos+","Active","X170224_25","pos","neg","LateSignature"
"422","Jeager","5hr","Fos+","Fos+","Active","X170224_26","pos","neg","LateSignature"
"423","Jeager","5hr","Fos+","Fos+","Active","X170224_27","pos","neg","LateSignature"
"424","Jeager","5hr","Fos+","Fos+","Active","X170224_28","pos","neg","LateSignature"
"425","Jeager","5hr","Fos+","Fos+","Active","X170224_29","pos","neg","LateSignature"
"426","Jeager","5hr","Fos+","Fos+","Active","X170224_30","pos","neg","LateSignature"
"427","Jeager","5hr","Fos+","Fos+","Active","X170224_31","pos","neg","LateSignature"
"428","Jeager","5hr","Fos+","Fos+","Active","X170224_32","pos","neg","LateSignature"
"429","Jeager","5hr","Fos+","Fos+","Active","X170224_33","pos","neg","LateSignature"
"430","Jeager","5hr","Fos+","Fos+","Active","X170224_34","pos","neg","LateSignature"
"431","Jeager","5hr","Fos+","Fos+","Active","X170224_35","pos","neg","LateSignature"
"432","Jeager","5hr","Fos+","Fos+","Active","X170224_36","pos","neg","LateSignature"
"433","Jeager","5hr","Fos+","Fos+","Active","X170224_37","pos","neg","LateSignature"
"434","Jeager","5hr","Fos+","Fos+","Active","X170224_38","pos","neg","LateSignature"
"435","Jeager","5hr","Fos+","Fos+","Active","X170224_39","pos","neg","LateSignature"
"436","Jeager","5hr","Fos+","Fos+","Active","X170224_40","pos","neg","LateSignature"
"437","Jeager","5hr","Fos+","Fos+","Active","X170224_41","pos","neg","LateSignature"
"438","Jeager","5hr","Fos+","Fos+","Active","X170224_42","pos","neg","LateSignature"
"439","Jeager","5hr","Fos+","Fos+","Active","X170224_43","pos","neg","LateSignature"
"440","Jeager","5hr","Fos+","Fos+","Active","X170224_44","pos","neg","LateSignature"
"441","Jeager","5hr","Fos+","Fos+","Active","X170224_45","pos","neg","LateSignature"
"442","Jeager","5hr","Fos+","Fos+","Active","X170224_46","pos","neg","LateSignature"
"443","Jeager","5hr","Fos+","Fos+","Active","X170224_47","pos","neg","LateSignature"
"444","Jeager","5hr","Fos+","Fos+","Active","X170224_48","pos","neg","LateSignature"
"445","Jeager","A>A","Fos+","Fos+","Active","X170525_01","pos","pos","Reactivated"
"446","Jeager","A>A","Fos+","Fos+","Active","X170525_02","pos","pos","Reactivated"
"447","Jeager","A>A","Fos+","Fos+","Active","X170525_03","pos","pos","Reactivated"
"448","Jeager","A>A","Fos+","Fos+","Active","X170525_04","pos","pos","Reactivated"
"449","Jeager","A>A","Fos+","Fos+","Active","X170525_05","pos","pos","Reactivated"
"450","Jeager","A>A","Fos+","Fos+","Active","X170525_06","pos","pos","Reactivated"
"451","Jeager","A>A","Fos+","Fos+","Active","X170525_07","pos","pos","Reactivated"
"452","Jeager","A>A","Fos+","Fos+","Active","X170525_08","pos","pos","Reactivated"
"453","Jeager","A>A","Fos+","Fos+","Active","X170525_09","pos","pos","Reactivated"
"454","Jeager","A>A","Fos+","Fos+","Active","X170525_10","pos","pos","Reactivated"
"455","Jeager","A>A","Fos+","Fos+","Active","X170525_11","pos","pos","Reactivated"
"456","Jeager","A>A","Fos+","Fos+","Active","X170525_12","pos","pos","Reactivated"
"457","Jeager","A>A","Fos+","Fos+","Active","X170525_13","pos","pos","Reactivated"
"458","Jeager","A>A","Fos+","Fos+","Active","X170525_14","pos","pos","Reactivated"
"459","Jeager","A>A","Fos+","Fos+","Active","X170525_15","pos","pos","Reactivated"
"460","Jeager","A>A","Fos+","Fos+","Active","X170525_16","pos","pos","Reactivated"
"461","Jeager","A>A","Fos+","Fos+","Active","X170525_17","pos","pos","Reactivated"
"462","Jeager","A>A","Fos+","Fos+","Active","X170525_18","pos","pos","Reactivated"
"463","Jeager","A>A","Fos+","Fos+","Active","X170525_19","pos","pos","Reactivated"
"464","Jeager","A>A","Fos+","Fos+","Active","X170525_20","pos","pos","Reactivated"
"465","Jeager","A>A","Fos+","Fos+","Active","X170525_21","pos","pos","Reactivated"
"466","Jeager","A>A","Fos+","Fos+","Active","X170525_22","pos","pos","Reactivated"
"467","Jeager","A>A","Fos+","Fos+","Active","X170525_23","pos","pos","Reactivated"
"468","Jeager","A>A","Fos+","Fos+","Active","X170525_24","pos","pos","Reactivated"
"469","Jeager","A>A","Fos+","Fos+","Active","X170525_25","pos","neg","LateSignature"
"470","Jeager","A>A","Fos+","Fos+","Active","X170525_26","pos","neg","LateSignature"
"471","Jeager","A>A","Fos+","Fos+","Active","X170525_27","pos","neg","LateSignature"
"472","Jeager","A>A","Fos+","Fos+","Active","X170525_28","pos","neg","LateSignature"
"473","Jeager","A>A","Fos+","Fos+","Active","X170525_29","pos","neg","LateSignature"
"474","Jeager","A>A","Fos+","Fos+","Active","X170525_30","pos","neg","LateSignature"
"475","Jeager","A>A","Fos+","Fos+","Active","X170525_31","pos","neg","LateSignature"
"476","Jeager","A>A","Fos+","Fos+","Active","X170525_32","pos","neg","LateSignature"
"477","Jeager","A>A","Fos+","Fos+","Active","X170525_33","pos","neg","LateSignature"
"478","Jeager","A>A","Fos+","Fos+","Active","X170525_34","pos","neg","LateSignature"
"479","Jeager","A>A","Fos+","Fos+","Active","X170525_35","pos","neg","LateSignature"
"480","Jeager","A>A","Fos+","Fos+","Active","X170525_36","pos","neg","LateSignature"
"481","Jeager","A>A","Fos+","Fos+","Active","X170525_37","pos","neg","LateSignature"
"482","Jeager","A>A","Fos+","Fos+","Active","X170525_38","pos","neg","LateSignature"
"483","Jeager","A>A","Fos+","Fos+","Active","X170525_39","pos","neg","LateSignature"
"484","Jeager","A>A","Fos+","Fos+","Active","X170525_40","pos","neg","LateSignature"
"485","Jeager","A>A","Fos+","Fos+","Active","X170525_41","pos","neg","LateSignature"
"486","Jeager","A>A","Fos+","Fos+","Active","X170525_42","pos","neg","LateSignature"
"487","Jeager","A>A","Fos+","Fos+","Active","X170525_43","pos","neg","LateSignature"
"488","Jeager","A>A","Fos+","Fos+","Active","X170525_44","pos","neg","LateSignature"
"489","Jeager","A>A","Fos+","Fos+","Active","X170525_45","pos","neg","LateSignature"
"490","Jeager","A>A","Fos+","Fos+","Active","X170525_46","pos","neg","LateSignature"
"491","Jeager","A>A","Fos+","Fos+","Active","X170525_47","pos","neg","LateSignature"
"492","Jeager","A>A","Fos+","Fos+","Active","X170525_48","pos","neg","LateSignature"
"493","Jeager","A>A","Fos+","Fos+","Active","X170525_49","pos","pos","Reactivated"
"494","Jeager","A>A","Fos+","Fos+","Active","X170525_50","pos","pos","Reactivated"
"495","Jeager","A>A","Fos+","Fos+","Active","X170525_51","pos","pos","Reactivated"
"496","Jeager","A>A","Fos+","Fos+","Active","X170525_52","pos","pos","Reactivated"
"497","Jeager","A>A","Fos+","Fos+","Active","X170525_53","pos","pos","Reactivated"
"498","Jeager","A>A","Fos+","Fos+","Active","X170525_54","pos","pos","Reactivated"
"499","Jeager","A>A","Fos+","Fos+","Active","X170525_55","pos","pos","Reactivated"
"500","Jeager","A>A","Fos+","Fos+","Active","X170525_56","pos","pos","Reactivated"
"501","Jeager","A>A","Fos+","Fos+","Active","X170525_57","pos","pos","Reactivated"
"502","Jeager","A>A","Fos+","Fos+","Active","X170525_58","pos","pos","Reactivated"
"503","Jeager","A>A","Fos+","Fos+","Active","X170525_59","pos","pos","Reactivated"
"504","Jeager","A>A","Fos+","Fos+","Active","X170525_60","pos","pos","Reactivated"
"505","Jeager","A>A","Fos+","Fos+","Active","X170525_61","pos","pos","Reactivated"
"506","Jeager","A>A","Fos+","Fos+","Active","X170525_62","pos","pos","Reactivated"
"507","Jeager","A>A","Fos+","Fos+","Active","X170525_63","pos","pos","Reactivated"
"508","Jeager","A>A","Fos+","Fos+","Active","X170525_64","pos","pos","Reactivated"
"509","Jeager","A>A","Fos+","Fos+","Active","X170525_65","pos","pos","Reactivated"
"510","Jeager","A>A","Fos+","Fos+","Active","X170525_66","pos","pos","Reactivated"
"511","Jeager","A>A","Fos+","Fos+","Active","X170525_67","pos","pos","Reactivated"
"512","Jeager","A>A","Fos+","Fos+","Active","X170525_68","pos","pos","Reactivated"
"513","Jeager","A>A","Fos+","Fos+","Active","X170525_69","pos","pos","Reactivated"
"514","Jeager","A>A","Fos+","Fos+","Active","X170525_70","pos","pos","Reactivated"
"515","Jeager","A>A","Fos+","Fos+","Active","X170525_71","pos","pos","Reactivated"
"516","Jeager","A>A","Fos+","Fos+","Active","X170525_72","pos","pos","Reactivated"
"517","Jeager","A>A","Fos+","Fos+","Active","X170525_73","pos","neg","LateSignature"
"518","Jeager","A>A","Fos+","Fos+","Active","X170525_74","pos","neg","LateSignature"
"519","Jeager","A>A","Fos+","Fos+","Active","X170525_75","pos","neg","LateSignature"
"520","Jeager","A>A","Fos+","Fos+","Active","X170525_76","pos","neg","LateSignature"
"521","Jeager","A>A","Fos+","Fos+","Active","X170525_77","pos","neg","LateSignature"
"522","Jeager","A>A","Fos+","Fos+","Active","X170525_78","pos","neg","LateSignature"
"523","Jeager","A>A","Fos+","Fos+","Active","X170525_79","pos","neg","LateSignature"
"524","Jeager","A>A","Fos+","Fos+","Active","X170525_80","pos","neg","LateSignature"
"525","Jeager","A>A","Fos+","Fos+","Active","X170525_81","pos","neg","LateSignature"
"526","Jeager","A>A","Fos+","Fos+","Active","X170525_82","pos","neg","LateSignature"
"527","Jeager","A>A","Fos+","Fos+","Active","X170525_83","pos","neg","LateSignature"
"528","Jeager","A>A","Fos+","Fos+","Active","X170525_84","pos","neg","LateSignature"
"529","Jeager","A>A","Fos+","Fos+","Active","X170525_85","pos","neg","LateSignature"
"530","Jeager","A>A","Fos+","Fos+","Active","X170525_86","pos","neg","LateSignature"
"531","Jeager","A>A","Fos+","Fos+","Active","X170525_87","pos","neg","LateSignature"
"532","Jeager","A>A","Fos+","Fos+","Active","X170525_88","pos","neg","LateSignature"
"533","Jeager","A>A","Fos+","Fos+","Active","X170525_89","pos","neg","LateSignature"
"534","Jeager","A>A","Fos+","Fos+","Active","X170525_90","pos","neg","LateSignature"
"535","Jeager","A>A","Fos+","Fos+","Active","X170525_91","pos","neg","LateSignature"
"536","Jeager","A>A","Fos+","Fos+","Active","X170525_92","pos","neg","LateSignature"
"537","Jeager","A>A","Fos+","Fos+","Active","X170525_93","pos","neg","LateSignature"
"538","Jeager","A>A","Fos+","Fos+","Active","X170525_94","pos","neg","LateSignature"
"539","Jeager","A>A","Fos+","Fos+","Active","X170525_95","pos","neg","LateSignature"
"540","Jeager","A>A","Fos+","Fos+","Active","X170525_96","pos","neg","LateSignature"
"541","Jeager","A>A","Fos+","Fos+","Active","X021618_01","pos","neg","LateSignature"
"542","Jeager","A>A","Fos+","Fos+","Active","X021618_02","pos","neg","LateSignature"
"543","Jeager","A>A","Fos+","Fos+","Active","X021618_03","pos","neg","LateSignature"
"544","Jeager","A>A","Fos+","Fos+","Active","X021618_04","pos","pos","Reactivated"
"545","Jeager","A>A","Fos+","Fos+","Active","X021618_05","pos","pos","Reactivated"
"546","Jeager","A>A","Fos+","Fos+","Active","X021618_06","pos","pos","Reactivated"
"547","Jeager","A>A","Fos+","Fos+","Active","X021618_07","pos","neg","LateSignature"
"548","Jeager","A>A","Fos+","Fos+","Active","X021618_08","pos","neg","LateSignature"
"549","Jeager","A>A","Fos+","Fos+","Active","X021618_09","pos","neg","LateSignature"
"550","Jeager","A>A","Fos+","Fos+","Active","X021618_10","pos","pos","Reactivated"
"551","Jeager","A>A","Fos+","Fos+","Active","X021618_11","pos","pos","Reactivated"
"552","Jeager","A>A","Fos+","Fos+","Active","X021618_12","pos","pos","Reactivated"
"553","Jeager","A>A","Fos+","Fos+","Active","X021618_13","pos","neg","LateSignature"
"554","Jeager","A>A","Fos+","Fos+","Active","X021618_14","pos","neg","LateSignature"
"555","Jeager","A>A","Fos+","Fos+","Active","X021618_15","pos","neg","LateSignature"
"556","Jeager","A>A","Fos+","Fos+","Active","X021618_16","pos","pos","Reactivated"
"557","Jeager","A>A","Fos+","Fos+","Active","X021618_17","pos","pos","Reactivated"
"558","Jeager","A>A","Fos+","Fos+","Active","X021618_18","pos","pos","Reactivated"
"559","Jeager","A>A","Fos+","Fos+","Active","X021618_19","pos","neg","LateSignature"
"560","Jeager","A>A","Fos+","Fos+","Active","X021618_20","pos","neg","LateSignature"
"561","Jeager","A>A","Fos+","Fos+","Active","X021618_21","pos","neg","LateSignature"
"562","Jeager","A>A","Fos+","Fos+","Active","X021618_22","pos","pos","Reactivated"
"563","Jeager","A>A","Fos+","Fos+","Active","X021618_23","pos","pos","Reactivated"
"564","Jeager","A>A","Fos+","Fos+","Active","X021618_24","pos","pos","Reactivated"
"565","Jeager","A>A","Fos+","Fos+","Active","X021618_25","pos","neg","LateSignature"
"566","Jeager","A>A","Fos+","Fos+","Active","X021618_26","pos","neg","LateSignature"
"567","Jeager","A>A","Fos+","Fos+","Active","X021618_27","pos","neg","LateSignature"
"568","Jeager","A>A","Fos+","Fos+","Active","X021618_28","pos","pos","Reactivated"
"569","Jeager","A>A","Fos+","Fos+","Active","X021618_29","pos","pos","Reactivated"
"570","Jeager","A>A","Fos+","Fos+","Active","X021618_30","pos","pos","Reactivated"
"571","Jeager","A>A","Fos+","Fos+","Active","X021618_31","pos","neg","LateSignature"
"572","Jeager","A>A","Fos+","Fos+","Active","X021618_32","pos","neg","LateSignature"
"573","Jeager","A>A","Fos+","Fos+","Active","X021618_33","pos","neg","LateSignature"
"574","Jeager","A>A","Fos+","Fos+","Active","X021618_34","pos","pos","Reactivated"
"575","Jeager","A>A","Fos+","Fos+","Active","X021618_35","pos","pos","Reactivated"
"576","Jeager","A>A","Fos+","Fos+","Active","X021618_36","pos","pos","Reactivated"
"577","Jeager","A>A","Fos+","Fos+","Active","X021618_37","pos","neg","LateSignature"
"578","Jeager","A>A","Fos+","Fos+","Active","X021618_38","pos","neg","LateSignature"
"579","Jeager","A>A","Fos+","Fos+","Active","X021618_39","pos","neg","LateSignature"
"580","Jeager","A>A","Fos+","Fos+","Active","X021618_40","pos","pos","Reactivated"
"581","Jeager","A>A","Fos+","Fos+","Active","X021618_41","pos","pos","Reactivated"
"582","Jeager","A>A","Fos+","Fos+","Active","X021618_42","pos","pos","Reactivated"
"583","Jeager","A>A","Fos+","Fos+","Active","X021618_43","pos","neg","LateSignature"
"584","Jeager","A>A","Fos+","Fos+","Active","X021618_44","pos","neg","LateSignature"
"585","Lacar","Saline","GFP+","Fos-","Inactive","Dc1_HG_A2_frz507a",NA,NA,"Inactive"
"586","Lacar","Saline","GFP+","Fos-","Inactive","Dc1_HG_A3_frz507a",NA,NA,"Inactive"
"587","Lacar","Saline","GFP+","Fos-","Inactive","Dc1_HG_A4_frz507a",NA,NA,"Inactive"
"588","Lacar","Saline","GFP+","Fos-","Inactive","Dc1_HG_A5_frz507a",NA,NA,"Inactive"
"589","Lacar","Saline","GFP+","Fos-","Inactive","Dc1_HG_A6_frz507a",NA,NA,"Inactive"
"590","Lacar","Saline","GFP+","Fos-","Inactive","Dc1_HG_B1_frz507a",NA,NA,"Inactive"
"591","Lacar","Saline","GFP+","Fos-","Inactive","Dc1_HG_B2_frz507a",NA,NA,"Inactive"
"592","Lacar","Saline","GFP+","Fos-","Inactive","Dc1_HG_B3_frz507a",NA,NA,"Inactive"
"593","Lacar","Saline","GFP+","Fos-","Inactive","Dc1_HG_B4_frz507a",NA,NA,"Inactive"
"594","Lacar","Saline","GFP+","Fos-","Inactive","Dc1_HG_B5_frz507a",NA,NA,"Inactive"
"595","Lacar","Saline","GFP+","Fos-","Inactive","Dc1_HG_B6_frz507a",NA,NA,"Inactive"
"596","Lacar","Saline","GFP+","Fos-","Inactive","Dc1_HG_C1_frz507a",NA,NA,"Inactive"
"597","Lacar","Saline","GFP+","Fos-","Inactive","Dc1_HG_C2_frz507a",NA,NA,"Inactive"
"598","Lacar","Saline","GFP+","Fos-","Inactive","Dc1_HG_C3_frz507a",NA,NA,"Inactive"
"599","Lacar","Saline","GFP+","Fos-","Inactive","Dc1_HG_C4_frz507a",NA,NA,"Inactive"
"600","Lacar","Saline","GFP+","Fos-","Inactive","Dc1_HG_C5_frz507a",NA,NA,"Inactive"
"601","Lacar","Saline","GFP+","Fos-","Inactive","Dc1_HG_C6_frz507a",NA,NA,"Inactive"
"602","Lacar","Saline","GFP+","Fos-","Inactive","Dc1_HG_D1_frz507a",NA,NA,"Inactive"
"603","Lacar","Saline","GFP+","Fos-","Inactive","Dc1_HG_D2_frz507a",NA,NA,"Inactive"
"604","Lacar","Saline","GFP+","Fos-","Inactive","Dc1_HG_D3_frz507a",NA,NA,"Inactive"
"605","Lacar","Saline","GFP+","Fos-","Inactive","Dc1_HG_D4_frz507a",NA,NA,"Inactive"
"606","Lacar","Saline","GFP+","Fos-","Inactive","Dc1_HG_D5_frz507a",NA,NA,"Inactive"
"607","Lacar","Saline","GFP+","Fos-","Inactive","Dc1_HG_D6_frz507a",NA,NA,"Inactive"
"608","Lacar","Saline","GFP+","Fos-","Inactive","Dc1_HG_E1_frz507a",NA,NA,"Inactive"
"609","Lacar","Saline","GFP+","Fos-","Inactive","Dc1_HG_E2_frz507a",NA,NA,"Inactive"
"610","Lacar","Saline","GFP+","Fos-","Inactive","Dc1_HG_E3_frz507a",NA,NA,"Inactive"
"611","Lacar","Saline","GFP+","Fos-","Inactive","Dc1_HG_E4_frz507a",NA,NA,"Inactive"
"612","Lacar","Saline","GFP+","Fos-","Inactive","Dc1_HG_E5_frz507a",NA,NA,"Inactive"
"613","Lacar","Saline","GFP+","Fos-","Inactive","Dc1_HG_E6_frz507a",NA,NA,"Inactive"
"614","Lacar","Saline","GFP+","Fos-","Inactive","Dc1_HG_F1_frz507a",NA,NA,"Inactive"
"615","Lacar","Saline","GFP+","Fos-","Inactive","Dc1_HG_F2_frz507a",NA,NA,"Inactive"
"616","Lacar","Saline","GFP+","Fos-","Inactive","Dc1_HG_F3_frz507a",NA,NA,"Inactive"
"617","Lacar","Saline","GFP+","Fos-","Inactive","Dc1_HG_F4_frz507a",NA,NA,"Inactive"
"618","Lacar","Saline","GFP+","Fos-","Inactive","Dc1_HG_F5_frz507a",NA,NA,"Inactive"
"619","Lacar","Saline","GFP+","Fos-","Inactive","Dc1_HG_F6_frz507a",NA,NA,"Inactive"
"620","Lacar","Saline","GFP+","Fos-","Inactive","Dc1_HG_G1_frz507a",NA,NA,"Inactive"
"621","Lacar","Saline","GFP+","Fos-","Inactive","Dc1_HG_G2_frz507a",NA,NA,"Inactive"
"622","Lacar","Saline","GFP+","Fos-","Inactive","Dc1_HG_G3_frz507a",NA,NA,"Inactive"
"623","Lacar","Saline","GFP+","Fos-","Inactive","Dc1_HG_G4_frz507a",NA,NA,"Inactive"
"624","Lacar","Saline","GFP+","Fos-","Inactive","Dc1_HG_G5_frz507a",NA,NA,"Inactive"
"625","Lacar","Saline","GFP+","Fos-","Inactive","Dc1_HG_G6_frz507a",NA,NA,"Inactive"
"626","Lacar","Saline","GFP+","Fos-","Inactive","Dc1_HG_H1_frz507a",NA,NA,"Inactive"
"627","Lacar","Saline","GFP+","Fos-","Inactive","Dc1_HG_H2_frz507a",NA,NA,"Inactive"
"628","Lacar","Saline","GFP+","Fos-","Inactive","Dc1_HG_H3_frz507a",NA,NA,"Inactive"
"629","Lacar","Saline","GFP+","Fos-","Inactive","Dc1_HG_H4_frz507a",NA,NA,"Inactive"
"630","Lacar","Saline","GFP+","Fos-","Inactive","Dc1_HG_H5_frz507a",NA,NA,"Inactive"
"631","Lacar","Saline","GFP+","Fos-","Inactive","Dc1_HG_H6_frz507a",NA,NA,"Inactive"
"632","Lacar","HC","NeuN+/Prox1+","Fos-","Inactive","Dn1HNP_C1E40K16_117",NA,NA,"Inactive"
"633","Lacar","HC","NeuN+/Prox1+","Fos-","Inactive","Dn1HNP_C1E40K23_117",NA,NA,"Inactive"
"634","Lacar","HC","NeuN+/Prox1+","Fos-","Inactive","Dn1HNP_C1E40K24_117",NA,NA,"Inactive"
"635","Lacar","HC","NeuN+/Prox1+","Fos-","Inactive","Dn1HNP_C1E40K30_117",NA,NA,"Inactive"
"636","Lacar","HC","NeuN+/Prox1+","Fos-","Inactive","Dn1HNP_C1E40K32_117",NA,NA,"Inactive"
"637","Lacar","HC","NeuN+/Prox1+","Fos-","Inactive","Dn1HNP_C1E40K33_117",NA,NA,"Inactive"
"638","Lacar","HC","NeuN+/Prox1+","Fos-","Inactive","Dn1HNP_C1E40K34_117",NA,NA,"Inactive"
"639","Lacar","HC","NeuN+/Prox1+","Fos-","Inactive","Dn1HNP_C1E40K36_117",NA,NA,"Inactive"
"640","Lacar","HC","NeuN+/Prox1+","Fos-","Inactive","Dn1HNP_C1E40K37_117",NA,NA,"Inactive"
"641","Lacar","HC","NeuN+/Prox1+","Fos-","Inactive","Dn1HNP_C1E40K48_117",NA,NA,"Inactive"
"642","Lacar","HC","NeuN+/Prox1+","Fos-","Inactive","Dn1HNP_C1E40K52_117",NA,NA,"Inactive"
"643","Lacar","HC","NeuN+/Prox1+","Fos-","Inactive","Dn1HNP_C1E40K58_117",NA,NA,"Inactive"
"644","Lacar","HC","NeuN+/Prox1+","Fos-","Inactive","Dn1HNP_C1E40K68_117",NA,NA,"Inactive"
"645","Lacar","HC","NeuN+/Prox1+","Fos-","Inactive","Dn1HNP_C1E40K69_117",NA,NA,"Inactive"
"646","Lacar","HC","NeuN+/Prox1+","Fos-","Inactive","Dn1HNP_C1E40K72_117",NA,NA,"Inactive"
"647","Lacar","HC","NeuN+/Prox1+","Fos-","Inactive","Dn1HNP_C1E40K73_117",NA,NA,"Inactive"
"648","Lacar","HC","NeuN+/Prox1+","Fos-","Inactive","Dn1HNP_C1E40K77_117",NA,NA,"Inactive"
"649","Lacar","HC","NeuN+/Prox1+","Fos-","Inactive","Dn1HNP_C1E40K79_117",NA,NA,"Inactive"
"650","Lacar","HC","NeuN+/Prox1+","Fos-","Inactive","Dn1HNP_C1E40K81_117",NA,NA,"Inactive"
"651","Lacar","HC","NeuN+/Prox1+","Fos-","Inactive","Dn1HNP_C1E40K83_117",NA,NA,"Inactive"
"652","Lacar","HC","NeuN+/Prox1+","Fos-","Inactive","Dn1HNP_C1E40K88_117",NA,NA,"Inactive"
"653","Lacar","HC","NeuN+/Prox1+","Fos-","Inactive","Dn1HNP_C1E40K89_117",NA,NA,"Inactive"
"654","Lacar","HC","NeuN+/Prox1+","Fos-","Inactive","Dn1HNP_C1E40K94_117",NA,NA,"Inactive"
"655","Lacar","NE","Prox1+/Fos+","Fos+","Active","nc_ui_ti_C10_141204",NA,NA,"EarlySignature"
"656","Lacar","NE","Prox1+/Fos+","Fos+","Active","nc_ui_ti_C11_141204",NA,NA,"EarlySignature"
"657","Lacar","NE","Prox1+/Fos+","Fos+","Active","nc_ui_ti_C12_141204",NA,NA,"EarlySignature"
"658","Lacar","NE","Prox1+/Fos+","Fos+","Active","nc_ui_ti_C7_141204",NA,NA,"EarlySignature"
"659","Lacar","NE","Prox1+/Fos+","Fos+","Active","nc_ui_ti_C8_141204",NA,NA,"EarlySignature"
"660","Lacar","NE","Prox1+/Fos+","Fos+","Active","nc_ui_ti_C9_141204",NA,NA,"EarlySignature"
"661","Lacar","NE","Prox1+/Fos+","Fos+","Active","nc_ui_ti_D10_141204",NA,NA,"EarlySignature"
"662","Lacar","NE","Prox1+/Fos+","Fos+","Active","nc_ui_ti_D11_141204",NA,NA,"EarlySignature"
"663","Lacar","NE","Prox1+/Fos+","Fos+","Active","nc_ui_ti_D12_141204",NA,NA,"EarlySignature"
"664","Lacar","NE","Prox1+/Fos+","Fos+","Active","nc_ui_ti_D7_141204",NA,NA,"EarlySignature"
"665","Lacar","NE","Prox1+/Fos+","Fos+","Active","nc_ui_ti_D8_141204",NA,NA,"EarlySignature"
"666","Lacar","NE","Prox1+/Fos+","Fos+","Active","nc_ui_ti_D9_141204",NA,NA,"EarlySignature"
"667","Lacar","NE","Prox1+/Fos-","Fos-","Inactive","nc_ui_tn_C1_141204",NA,NA,"Inactive"
"668","Lacar","NE","Prox1+/Fos-","Fos-","Inactive","nc_ui_tn_C2_141204",NA,NA,"Inactive"
"669","Lacar","NE","Prox1+/Fos-","Fos-","Inactive","nc_ui_tn_C3_141204",NA,NA,"Inactive"
"670","Lacar","NE","Prox1+/Fos-","Fos-","Inactive","nc_ui_tn_C4_141204",NA,NA,"Inactive"
"671","Lacar","NE","Prox1+/Fos-","Fos-","Inactive","nc_ui_tn_C5_141204",NA,NA,"Inactive"
"672","Lacar","NE","Prox1+/Fos-","Fos-","Inactive","nc_ui_tn_C6_141204",NA,NA,"Inactive"
"673","Lacar","NE","Prox1+/Fos-","Fos-","Inactive","nc_ui_tn_D1_141204",NA,NA,"Inactive"
"674","Lacar","NE","Prox1+/Fos-","Fos-","Inactive","nc_ui_tn_D2_141204",NA,NA,"Inactive"
"675","Lacar","NE","Prox1+/Fos-","Fos-","Inactive","nc_ui_tn_D3_141204",NA,NA,"Inactive"
"676","Lacar","NE","Prox1+/Fos-","Fos-","Inactive","nc_ui_tn_D4_141204",NA,NA,"Inactive"
"677","Lacar","NE","Prox1+/Fos-","Fos-","Inactive","nc_ui_tn_D5_141204",NA,NA,"Inactive"
"678","Lacar","NE","Prox1+/Fos-","Fos-","Inactive","nc_ui_tn_D6_141204",NA,NA,"Inactive"
"679","Lacar","NE","Prox1+/Fos+","Fos+","Active","nc_ux_ti_A10_141204",NA,NA,"EarlySignature"
"680","Lacar","NE","Prox1+/Fos+","Fos+","Active","nc_ux_ti_A11_141204",NA,NA,"EarlySignature"
"681","Lacar","NE","Prox1+/Fos+","Fos+","Active","nc_ux_ti_A12_141204",NA,NA,"EarlySignature"
"682","Lacar","NE","Prox1+/Fos+","Fos+","Active","nc_ux_ti_A7_141204",NA,NA,"EarlySignature"
"683","Lacar","NE","Prox1+/Fos+","Fos+","Active","nc_ux_ti_A8_141204",NA,NA,"EarlySignature"
"684","Lacar","NE","Prox1+/Fos+","Fos+","Active","nc_ux_ti_A9_141204",NA,NA,"EarlySignature"
"685","Lacar","NE","Prox1+/Fos+","Fos+","Active","nc_ux_ti_B10_141204",NA,NA,"EarlySignature"
"686","Lacar","NE","Prox1+/Fos+","Fos+","Active","nc_ux_ti_B11_141204",NA,NA,"EarlySignature"
"687","Lacar","NE","Prox1+/Fos+","Fos+","Active","nc_ux_ti_B12_141204",NA,NA,"EarlySignature"
"688","Lacar","NE","Prox1+/Fos+","Fos+","Active","nc_ux_ti_B7_141204",NA,NA,"EarlySignature"
"689","Lacar","NE","Prox1+/Fos+","Fos+","Active","nc_ux_ti_B8_141204",NA,NA,"EarlySignature"
"690","Lacar","NE","Prox1+/Fos+","Fos+","Active","nc_ux_ti_B9_141204",NA,NA,"EarlySignature"
"691","Lacar","NE","Prox1+/Fos-","Fos-","Inactive","nc_ux_tn_A1_141204",NA,NA,"Inactive"
"692","Lacar","NE","Prox1+/Fos-","Fos-","Inactive","nc_ux_tn_A2_141204",NA,NA,"Inactive"
"693","Lacar","NE","Prox1+/Fos-","Fos-","Inactive","nc_ux_tn_A3_141204",NA,NA,"Inactive"
"694","Lacar","NE","Prox1+/Fos-","Fos-","Inactive","nc_ux_tn_A4_141204",NA,NA,"Inactive"
"695","Lacar","NE","Prox1+/Fos-","Fos-","Inactive","nc_ux_tn_A5_141204",NA,NA,"Inactive"
"696","Lacar","NE","Prox1+/Fos-","Fos-","Inactive","nc_ux_tn_A6_141204",NA,NA,"Inactive"
"697","Lacar","NE","Prox1+/Fos-","Fos-","Inactive","nc_ux_tn_B1_141204",NA,NA,"Inactive"
"698","Lacar","NE","Prox1+/Fos-","Fos-","Inactive","nc_ux_tn_B2_141204",NA,NA,"Inactive"
"699","Lacar","NE","Prox1+/Fos-","Fos-","Inactive","nc_ux_tn_B3_141204",NA,NA,"Inactive"
"700","Lacar","NE","Prox1+/Fos-","Fos-","Inactive","nc_ux_tn_B4_141204",NA,NA,"Inactive"
"701","Lacar","NE","Prox1+/Fos-","Fos-","Inactive","nc_ux_tn_B5_141204",NA,NA,"Inactive"
"702","Lacar","NE","Prox1+/Fos-","Fos-","Inactive","nc_ux_tn_B6_141204",NA,NA,"Inactive"
"703","Lacar","NE","Prox1+/Fos+","Fos+","Active","nm_ui_ti_G10_141204",NA,NA,"EarlySignature"
"704","Lacar","NE","Prox1+/Fos+","Fos+","Active","nm_ui_ti_G11_141204",NA,NA,"EarlySignature"
"705","Lacar","NE","Prox1+/Fos+","Fos+","Active","nm_ui_ti_G12_141204",NA,NA,"EarlySignature"
"706","Lacar","NE","Prox1+/Fos+","Fos+","Active","nm_ui_ti_G7_141204",NA,NA,"EarlySignature"
"707","Lacar","NE","Prox1+/Fos+","Fos+","Active","nm_ui_ti_G8_141204",NA,NA,"EarlySignature"
"708","Lacar","NE","Prox1+/Fos+","Fos+","Active","nm_ui_ti_G9_141204",NA,NA,"EarlySignature"
"709","Lacar","NE","Prox1+/Fos+","Fos+","Active","nm_ui_ti_H10_141204",NA,NA,"EarlySignature"
"710","Lacar","NE","Prox1+/Fos+","Fos+","Active","nm_ui_ti_H11_141204",NA,NA,"EarlySignature"
"711","Lacar","NE","Prox1+/Fos+","Fos+","Active","nm_ui_ti_H12_141204",NA,NA,"EarlySignature"
"712","Lacar","NE","Prox1+/Fos+","Fos+","Active","nm_ui_ti_H7_141204",NA,NA,"EarlySignature"
"713","Lacar","NE","Prox1+/Fos+","Fos+","Active","nm_ui_ti_H8_141204",NA,NA,"EarlySignature"
"714","Lacar","NE","Prox1+/Fos+","Fos+","Active","nm_ui_ti_H9_141204",NA,NA,"EarlySignature"
"715","Lacar","NE","Prox1+/Fos-","Fos-","Inactive","nm_ui_tn_G1_141204",NA,NA,"Inactive"
"716","Lacar","NE","Prox1+/Fos-","Fos-","Inactive","nm_ui_tn_G2_141204",NA,NA,"Inactive"
"717","Lacar","NE","Prox1+/Fos-","Fos-","Inactive","nm_ui_tn_G3_141204",NA,NA,"Inactive"
"718","Lacar","NE","Prox1+/Fos-","Fos-","Inactive","nm_ui_tn_G4_141204",NA,NA,"Inactive"
"719","Lacar","NE","Prox1+/Fos-","Fos-","Inactive","nm_ui_tn_G5_141204",NA,NA,"Inactive"
"720","Lacar","NE","Prox1+/Fos-","Fos-","Inactive","nm_ui_tn_G6_141204",NA,NA,"Inactive"
"721","Lacar","NE","Prox1+/Fos-","Fos-","Inactive","nm_ui_tn_H1_141204",NA,NA,"Inactive"
"722","Lacar","NE","Prox1+/Fos-","Fos-","Inactive","nm_ui_tn_H2_141204",NA,NA,"Inactive"
"723","Lacar","NE","Prox1+/Fos-","Fos-","Inactive","nm_ui_tn_H3_141204",NA,NA,"Inactive"
"724","Lacar","NE","Prox1+/Fos-","Fos-","Inactive","nm_ui_tn_H4_141204",NA,NA,"Inactive"
"725","Lacar","NE","Prox1+/Fos-","Fos-","Inactive","nm_ui_tn_H5_141204",NA,NA,"Inactive"
"726","Lacar","NE","Prox1+/Fos-","Fos-","Inactive","nm_ui_tn_H6_141204",NA,NA,"Inactive"
"727","Lacar","NE","Prox1+/Fos+","Fos+","Active","nm_ux_ti_E10_141204",NA,NA,"EarlySignature"
"728","Lacar","NE","Prox1+/Fos+","Fos+","Active","nm_ux_ti_E11_141204",NA,NA,"EarlySignature"
"729","Lacar","NE","Prox1+/Fos+","Fos+","Active","nm_ux_ti_E12_141204",NA,NA,"EarlySignature"
"730","Lacar","NE","Prox1+/Fos+","Fos+","Active","nm_ux_ti_E7_141204",NA,NA,"EarlySignature"
"731","Lacar","NE","Prox1+/Fos+","Fos+","Active","nm_ux_ti_E8_141204",NA,NA,"EarlySignature"
"732","Lacar","NE","Prox1+/Fos+","Fos+","Active","nm_ux_ti_E9_141204",NA,NA,"EarlySignature"
"733","Lacar","NE","Prox1+/Fos+","Fos+","Active","nm_ux_ti_F10_141204",NA,NA,"EarlySignature"
"734","Lacar","NE","Prox1+/Fos+","Fos+","Active","nm_ux_ti_F11_141204",NA,NA,"EarlySignature"
"735","Lacar","NE","Prox1+/Fos+","Fos+","Active","nm_ux_ti_F12_141204",NA,NA,"EarlySignature"
"736","Lacar","NE","Prox1+/Fos+","Fos+","Active","nm_ux_ti_F7_141204",NA,NA,"EarlySignature"
"737","Lacar","NE","Prox1+/Fos+","Fos+","Active","nm_ux_ti_F8_141204",NA,NA,"EarlySignature"
"738","Lacar","NE","Prox1+/Fos+","Fos+","Active","nm_ux_ti_F9_141204",NA,NA,"EarlySignature"
"739","Lacar","NE","Prox1+/Fos-","Fos-","Inactive","nm_ux_tn_E1_141204",NA,NA,"Inactive"
"740","Lacar","NE","Prox1+/Fos-","Fos-","Inactive","nm_ux_tn_E2_141204",NA,NA,"Inactive"
"741","Lacar","NE","Prox1+/Fos-","Fos-","Inactive","nm_ux_tn_E3_141204",NA,NA,"Inactive"
"742","Lacar","NE","Prox1+/Fos-","Fos-","Inactive","nm_ux_tn_E4_141204",NA,NA,"Inactive"
"743","Lacar","NE","Prox1+/Fos-","Fos-","Inactive","nm_ux_tn_E5_141204",NA,NA,"Inactive"
"744","Lacar","NE","Prox1+/Fos-","Fos-","Inactive","nm_ux_tn_E6_141204",NA,NA,"Inactive"
"745","Lacar","NE","Prox1+/Fos-","Fos-","Inactive","nm_ux_tn_F1_141204",NA,NA,"Inactive"
"746","Lacar","NE","Prox1+/Fos-","Fos-","Inactive","nm_ux_tn_F2_141204",NA,NA,"Inactive"
"747","Lacar","NE","Prox1+/Fos-","Fos-","Inactive","nm_ux_tn_F3_141204",NA,NA,"Inactive"
"748","Lacar","NE","Prox1+/Fos-","Fos-","Inactive","nm_ux_tn_F4_141204",NA,NA,"Inactive"
"749","Lacar","NE","Prox1+/Fos-","Fos-","Inactive","nm_ux_tn_F5_141204",NA,NA,"Inactive"
"750","Lacar","NE","Prox1+/Fos-","Fos-","Inactive","nm_ux_tn_F6_141204",NA,NA,"Inactive"
